id,area,bedrooms,bathrooms,stories,mainroad,guestroom,basement,hotwaterheating,airconditioning,parking,prefarea,furnishingstatus,price
600,6000,3,1,2,yes,no,no,no,yes,1,no,unfurnished,7350000
643,6600,3,2,3,yes,no,no,no,yes,0,yes,unfurnished,6293000
1032,5400,4,1,2,yes,no,no,no,no,0,no,unfurnished,2870000
35,7000,3,2,4,yes,no,no,no,yes,2,no,furnished,8080940
1036,2640,2,1,1,no,no,no,no,no,1,no,furnished,2835000
170,5500,3,2,1,yes,no,yes,no,no,0,no,semi-furnished,5250000
1087,3620,2,1,1,yes,no,no,no,no,0,no,unfurnished,1750000
338,3780,2,1,2,yes,yes,yes,no,no,0,no,semi-furnished,3885000
559,7800,3,2,2,yes,no,no,no,no,0,yes,semi-furnished,9240000
1001,2398,3,1,1,yes,no,no,no,no,0,yes,semi-furnished,3118850
362,4050,2,1,1,yes,no,no,no,no,0,no,furnished,3710000
686,6660,4,2,2,yes,yes,yes,no,no,1,yes,semi-furnished,5652500
775,5400,2,1,2,yes,no,no,no,no,0,yes,semi-furnished,4690000
164,6710,3,2,2,yes,yes,yes,no,no,1,yes,furnished,5390000
967,3720,2,1,1,no,no,no,no,yes,0,no,unfurnished,3360000
951,5320,2,1,1,yes,no,no,no,no,1,yes,unfurnished,3465000
679,7000,3,1,1,yes,no,yes,no,no,2,yes,semi-furnished,5803000
781,2870,2,1,2,yes,yes,yes,no,no,0,yes,semi-furnished,4620000
120,6540,3,1,1,yes,yes,yes,no,no,2,yes,furnished,5950000
1050,4000,3,1,2,yes,no,no,no,yes,0,no,unfurnished,2653000
8,8100,4,1,2,yes,yes,yes,no,yes,2,yes,furnished,9870000
636,6750,2,1,1,yes,yes,yes,no,no,2,yes,furnished,6419000
887,7152,3,1,2,yes,no,no,no,yes,0,no,furnished,3850000
1058,4400,3,1,2,yes,no,no,no,no,0,no,unfurnished,2485000
476,5850,3,1,2,yes,no,yes,no,no,1,no,unfurnished,2940000
1020,3000,2,1,2,yes,no,no,no,no,0,no,semi-furnished,2961000
239,4000,3,1,2,yes,no,no,no,no,1,no,furnished,4585000
325,3460,4,1,2,yes,no,no,no,yes,0,no,semi-furnished,4007500
93,7200,3,2,1,yes,no,yes,no,yes,3,no,semi-furnished,6300000
1007,2160,3,1,2,no,no,yes,no,no,0,no,semi-furnished,3080000
37,9000,4,2,4,yes,no,no,no,yes,2,no,furnished,7980000
1081,3420,5,1,2,no,no,no,no,no,0,no,unfurnished,1960000
779,3880,3,2,2,yes,no,yes,no,no,2,no,semi-furnished,4620000
520,7700,2,1,1,yes,no,no,no,no,0,no,unfurnished,2450000
1051,2910,2,1,1,no,no,no,no,no,0,no,unfurnished,2604000
724,3180,3,2,2,yes,no,no,no,no,2,no,semi-furnished,5215000
451,6750,2,1,1,yes,no,no,no,no,0,no,semi-furnished,3150000
115,8000,3,1,1,yes,yes,yes,no,yes,2,yes,semi-furnished,6020000
216,6040,3,1,1,yes,no,no,no,no,2,yes,semi-furnished,4830000
449,1650,3,1,2,no,no,yes,no,no,0,no,unfurnished,3150000
341,3180,2,2,1,yes,no,yes,no,no,2,no,semi-furnished,3850000
994,1650,3,1,2,no,no,yes,no,no,0,no,unfurnished,3150000
607,6240,4,2,2,yes,no,no,no,yes,1,no,furnished,7070000
478,3600,3,1,2,no,no,no,no,no,1,no,unfurnished,2940000
131,5828,4,1,4,yes,yes,no,no,no,0,no,semi-furnished,5810000
510,2880,3,1,1,no,no,no,no,no,0,no,unfurnished,2520000
89,8580,5,3,2,yes,no,no,no,no,2,no,furnished,6440000
468,2835,2,1,1,yes,no,no,no,no,0,no,semi-furnished,3010000
419,4960,4,1,3,no,no,no,no,no,0,no,semi-furnished,3360000
86,6670,3,1,3,yes,no,yes,no,no,0,yes,unfurnished,6510000
22,8050,3,1,1,yes,yes,yes,no,yes,1,no,furnished,8645000
733,5720,2,1,2,yes,no,no,no,yes,0,yes,unfurnished,5075000
160,6210,4,1,4,yes,yes,no,no,yes,0,no,furnished,5460000
573,7950,5,2,2,yes,no,yes,yes,no,2,no,unfurnished,8400000
467,3240,3,1,2,yes,no,no,no,no,2,no,semi-furnished,3010000
952,2145,3,1,3,yes,no,no,no,no,0,yes,furnished,3465000
375,5960,3,1,2,yes,yes,yes,no,no,0,no,unfurnished,3640000
200,4520,3,1,2,yes,no,yes,no,yes,0,no,semi-furnished,4900000
976,3180,4,1,2,yes,no,yes,no,yes,0,no,unfurnished,3290000
693,6360,3,1,3,yes,no,no,no,no,0,yes,semi-furnished,5600000
297,3640,3,2,2,yes,no,yes,no,no,0,no,unfurnished,4200000
342,7152,3,1,2,yes,no,no,no,yes,0,no,furnished,3850000
699,3650,3,2,2,yes,no,no,no,no,2,no,semi-furnished,5530000
731,11410,2,1,2,yes,no,no,no,no,0,yes,furnished,5110000
632,3960,3,1,1,yes,no,yes,no,no,2,no,semi-furnished,6475000
104,5500,3,2,1,yes,yes,yes,no,no,2,yes,furnished,6195000
942,5900,2,1,1,yes,no,no,no,no,1,no,furnished,3500000
666,7231,3,1,2,yes,yes,yes,no,yes,0,yes,semi-furnished,5950000
477,4960,2,1,1,yes,no,no,no,no,0,no,unfurnished,2940000
934,4600,4,1,2,yes,no,no,no,no,0,no,semi-furnished,3500000
652,6420,3,1,3,yes,no,yes,no,no,0,yes,unfurnished,6125000
742,2800,3,2,2,no,no,yes,no,yes,1,no,semi-furnished,4956000
241,3760,3,1,1,yes,no,no,no,no,2,no,semi-furnished,4550000
96,9000,3,1,1,yes,no,yes,no,no,1,yes,furnished,6300000
222,9166,2,1,1,yes,no,yes,no,yes,2,no,semi-furnished,4760000
1078,2400,3,1,2,yes,no,no,no,no,0,no,unfurnished,2100000
462,2160,3,1,2,no,no,yes,no,no,0,no,semi-furnished,3080000
1028,6615,3,1,2,yes,no,no,no,no,0,no,semi-furnished,2940000
454,4500,3,1,2,yes,no,no,no,yes,0,no,unfurnished,3143000
499,3630,3,3,2,no,yes,no,no,no,0,no,unfurnished,2660000
849,8250,3,1,1,yes,no,yes,no,no,3,no,semi-furnished,4193000
481,2700,2,1,1,no,no,no,no,no,0,no,furnished,2940000
620,4260,4,2,2,yes,no,no,yes,no,0,no,semi-furnished,6650000
26,6000,3,2,4,yes,yes,yes,no,yes,0,yes,semi-furnished,8463000
72,5020,3,1,4,yes,no,no,no,yes,0,yes,unfurnished,6720000
446,3986,2,2,1,no,yes,yes,no,no,1,no,unfurnished,3150000
888,4080,2,1,1,yes,no,no,no,no,0,no,semi-furnished,3850000
828,4360,4,1,2,yes,no,no,no,no,0,no,furnished,4270000
867,3460,3,2,1,yes,no,yes,no,yes,1,no,furnished,4025000
353,2856,3,1,3,yes,no,no,no,no,0,yes,furnished,3780000
1046,2430,3,1,1,no,no,no,no,no,0,no,unfurnished,2660000
689,4700,4,1,2,yes,yes,yes,no,yes,1,no,furnished,5600000
83,6000,3,2,4,yes,no,no,no,yes,0,no,semi-furnished,6580000
895,3420,2,1,2,yes,no,no,yes,no,1,no,semi-furnished,3780000
356,2520,5,2,1,no,no,yes,no,yes,1,no,furnished,3773000
688,4800,5,2,3,no,no,yes,yes,no,0,no,unfurnished,5600000
583,6000,3,1,4,yes,yes,no,no,yes,2,no,unfurnished,7962500
562,8500,3,2,4,yes,no,no,no,yes,2,no,furnished,8960000
113,9620,3,1,1,yes,no,yes,no,no,2,yes,furnished,6083000
488,5200,4,1,3,yes,no,no,no,no,0,no,unfurnished,2852500
658,9620,3,1,1,yes,no,yes,no,no,2,yes,furnished,6083000
541,2400,3,1,1,no,no,no,no,no,0,no,semi-furnished,1767150
403,12944,3,1,1,yes,no,no,no,no,0,no,unfurnished,3500000
615,4000,3,2,2,yes,no,yes,no,yes,0,yes,semi-furnished,6790000
82,10500,3,2,1,yes,no,yes,no,yes,1,yes,furnished,6615000
801,4000,3,1,2,yes,no,no,no,no,2,no,furnished,4480000
823,3400,3,1,2,yes,no,yes,no,no,2,yes,semi-furnished,4277000
423,3750,3,1,1,yes,no,no,no,no,0,no,unfurnished,3360000
367,3630,2,1,1,yes,no,no,no,yes,0,no,unfurnished,3675000
204,4770,3,1,1,yes,yes,yes,no,no,0,no,semi-furnished,4900000
506,2910,2,1,1,no,no,no,no,no,0,no,unfurnished,2604000
745,4520,3,1,2,yes,no,yes,no,yes,0,no,semi-furnished,4900000
1016,3750,3,1,2,yes,no,no,no,no,0,no,unfurnished,3010000
65,8880,3,2,2,yes,no,yes,no,yes,1,no,furnished,6930000
551,8580,4,3,4,yes,no,no,no,yes,2,yes,semi-furnished,10150000
695,5136,3,1,2,yes,yes,yes,no,yes,0,yes,unfurnished,5600000
1082,1700,3,1,2,yes,no,no,no,no,0,no,unfurnished,1890000
263,3968,3,1,2,no,no,no,no,no,0,no,semi-furnished,4410000
80,6000,3,1,2,yes,no,no,yes,no,1,yes,semi-furnished,6629000
587,6480,3,2,4,yes,no,no,no,yes,2,no,unfurnished,7700000
114,6800,2,1,1,yes,yes,yes,no,no,2,no,furnished,6020000
537,1700,3,1,2,yes,no,no,no,no,0,no,unfurnished,1890000
202,4120,2,1,1,yes,no,yes,no,no,1,no,semi-furnished,4900000
438,4500,2,1,1,no,no,no,no,no,0,no,semi-furnished,3255000
554,5750,3,2,4,yes,yes,no,no,yes,1,yes,unfurnished,9800000
38,6000,3,1,4,yes,yes,no,no,yes,2,no,unfurnished,7962500
853,4046,3,1,2,yes,no,yes,no,no,1,no,semi-furnished,4165000
305,3450,3,1,2,yes,no,no,no,no,1,no,semi-furnished,4193000
799,4510,4,1,2,yes,no,no,no,yes,2,no,semi-furnished,4480000
458,3850,3,1,2,yes,no,no,no,no,0,no,unfurnished,3115000
713,4260,4,1,2,yes,no,yes,no,yes,0,no,furnished,5250000
129,11460,3,1,3,yes,no,no,no,no,2,yes,semi-furnished,5873000
250,3510,3,1,3,yes,no,no,no,no,0,no,semi-furnished,4515000
654,6615,4,2,2,yes,yes,no,yes,no,1,no,semi-furnished,6090000
982,5880,3,1,1,yes,no,no,no,no,1,no,unfurnished,3290000
577,4880,4,2,2,yes,no,no,no,yes,1,yes,furnished,8295000
193,4800,2,1,1,yes,yes,yes,no,no,0,no,semi-furnished,5033000
336,8080,3,1,1,yes,no,no,no,yes,2,no,semi-furnished,3920000
513,4400,3,1,2,yes,no,no,no,no,0,no,unfurnished,2485000
294,4000,4,2,2,no,no,no,no,no,0,no,semi-furnished,4200000
153,3300,3,3,2,yes,no,yes,no,no,0,no,semi-furnished,5530000
381,4000,2,1,1,yes,no,no,no,no,0,yes,semi-furnished,3605000
794,4990,4,2,2,yes,yes,yes,no,no,0,yes,furnished,4543000
448,4095,2,1,1,yes,no,no,no,no,2,no,semi-furnished,3150000
741,7686,3,1,1,yes,yes,yes,yes,no,0,no,semi-furnished,4970000
669,6525,3,2,4,yes,no,no,no,no,1,no,furnished,5950000
981,2145,3,1,2,yes,no,yes,no,no,0,yes,furnished,3290000
51,6325,3,1,4,yes,no,no,no,yes,1,no,unfurnished,7420000
339,3180,4,2,2,yes,no,no,no,no,0,no,furnished,3885000
401,9500,3,1,2,yes,no,no,no,no,3,yes,unfurnished,3500000
774,9667,4,2,2,yes,yes,yes,no,no,1,no,semi-furnished,4690000
24,8800,3,2,2,yes,no,no,no,yes,2,no,furnished,8575000
594,7440,3,2,1,yes,yes,yes,no,yes,0,yes,semi-furnished,7420000
875,4050,2,1,2,yes,yes,yes,no,no,0,yes,unfurnished,3990000
1034,3300,3,1,2,no,no,no,no,no,1,no,semi-furnished,2835000
837,2747,4,2,2,no,no,no,no,no,0,no,semi-furnished,4200000
116,6900,3,2,1,yes,yes,yes,no,no,0,yes,unfurnished,6020000
822,10360,2,1,1,yes,no,no,no,no,1,yes,semi-furnished,4305000
1041,4000,2,1,1,yes,no,no,no,no,0,no,unfurnished,2695000
380,4500,2,1,1,yes,no,no,no,no,0,no,semi-furnished,3605000
347,3350,3,1,2,yes,no,no,no,no,0,no,unfurnished,3836000
836,2953,3,1,2,yes,no,yes,no,yes,0,no,unfurnished,4200000
877,5500,4,1,2,yes,yes,yes,no,no,0,no,semi-furnished,3920000
505,4000,3,1,2,yes,no,no,no,yes,0,no,unfurnished,2653000
1079,3000,4,1,2,yes,no,no,no,no,0,no,unfurnished,2100000
1060,3210,3,1,2,yes,no,yes,no,no,0,no,unfurnished,2450000
487,5400,4,1,2,yes,no,no,no,no,0,no,unfurnished,2870000
704,3150,3,2,1,yes,yes,yes,no,yes,0,no,furnished,5460000
171,10269,3,1,1,yes,no,no,no,no,1,yes,semi-furnished,5250000
535,3360,2,1,1,yes,no,no,no,no,1,no,unfurnished,2100000
430,2500,2,1,1,no,no,no,no,yes,0,no,unfurnished,3290000
517,3000,2,1,1,yes,no,no,no,no,1,no,unfurnished,2450000
720,9800,4,2,2,yes,yes,no,no,no,2,no,semi-furnished,5250000
413,1950,3,2,2,yes,no,yes,no,no,0,yes,unfurnished,3430000
28,7950,5,2,2,yes,no,yes,yes,no,2,no,unfurnished,8400000
757,3420,4,2,2,yes,no,yes,no,yes,2,no,semi-furnished,4893000
490,4350,3,1,2,no,no,no,yes,no,1,no,unfurnished,2835000
1049,3185,2,1,1,yes,no,no,no,yes,0,no,unfurnished,2653000
1048,4000,3,1,1,yes,no,no,no,no,0,no,semi-furnished,2660000
555,13200,3,1,2,yes,no,yes,no,yes,2,yes,furnished,9800000
144,4700,4,1,2,yes,yes,yes,no,yes,1,no,furnished,5600000
1076,5300,3,1,1,no,no,no,no,yes,0,yes,unfurnished,2233000
785,3840,3,1,2,yes,no,no,no,no,1,yes,semi-furnished,4585000
249,4990,4,2,2,yes,yes,yes,no,no,0,yes,furnished,4543000
17,8500,3,2,4,yes,no,no,no,yes,2,no,furnished,8960000
174,3800,3,1,2,yes,yes,yes,no,no,1,yes,unfurnished,5250000
544,3850,3,1,2,yes,no,no,no,no,0,no,unfurnished,1750000
56,11440,4,1,2,yes,no,yes,no,no,1,yes,semi-furnished,7343000
442,2684,2,1,1,yes,no,no,no,yes,1,no,unfurnished,3220000
255,5885,2,1,1,yes,no,no,no,yes,1,no,unfurnished,4480000
1061,3240,2,1,1,no,yes,no,no,no,1,no,unfurnished,2450000
1059,3000,3,1,2,no,no,no,no,no,0,no,semi-furnished,2485000
410,3850,3,1,1,yes,no,no,no,no,0,no,unfurnished,3430000
57,9000,4,2,4,yes,yes,no,no,yes,1,yes,furnished,7245000
787,3640,3,1,2,yes,no,no,no,yes,0,no,furnished,4550000
88,7410,3,1,1,yes,yes,yes,no,yes,2,yes,unfurnished,6475000
580,7000,3,2,4,yes,no,no,no,yes,2,no,furnished,8080940
501,2430,3,1,1,no,no,no,no,no,0,no,unfurnished,2660000
233,4160,3,1,1,yes,yes,yes,no,yes,0,no,unfurnished,4620000
234,3880,3,2,2,yes,no,yes,no,no,2,no,semi-furnished,4620000
81,4000,3,2,2,yes,no,yes,no,yes,1,no,semi-furnished,6615000
777,3745,3,1,2,yes,no,yes,no,no,0,no,furnished,4655000
883,3780,2,1,2,yes,yes,yes,no,no,0,no,semi-furnished,3885000
530,1950,3,1,1,no,no,no,yes,no,0,no,unfurnished,2240000
491,2640,2,1,1,no,no,no,no,no,1,no,furnished,2835000
796,3450,3,1,2,yes,no,yes,no,no,1,no,semi-furnished,4515000
213,4995,4,2,1,yes,no,yes,no,no,0,no,semi-furnished,4893000
203,5400,4,1,2,yes,no,no,no,no,0,no,semi-furnished,4900000
229,9667,4,2,2,yes,yes,yes,no,no,1,no,semi-furnished,4690000
436,2145,3,1,2,yes,no,yes,no,no,0,yes,furnished,3290000
215,4160,3,1,3,yes,no,no,no,no,0,no,unfurnished,4830000
20,4320,3,1,2,yes,no,yes,yes,no,2,no,semi-furnished,8750000
984,3930,2,1,1,no,no,no,no,no,0,no,unfurnished,3255000
99,6000,4,1,3,yes,yes,yes,no,no,0,yes,unfurnished,6265000
9,5750,3,2,4,yes,yes,no,no,yes,1,yes,unfurnished,9800000
656,8372,3,1,3,yes,no,no,no,yes,2,no,unfurnished,6090000
188,5720,2,1,2,yes,no,no,no,yes,0,yes,unfurnished,5075000
790,5360,3,1,2,yes,no,no,no,no,2,yes,unfurnished,4550000
1086,2400,3,1,1,no,no,no,no,no,0,no,semi-furnished,1767150
565,4320,3,1,2,yes,no,yes,yes,no,2,no,semi-furnished,8750000
916,3570,3,1,2,yes,no,yes,no,no,0,no,semi-furnished,3640000
182,3410,3,1,2,no,no,no,no,yes,0,no,semi-furnished,5145000
284,7770,2,1,1,yes,no,no,no,no,1,no,furnished,4270000
130,4800,3,1,1,yes,yes,yes,no,no,0,no,unfurnished,5866000
760,4160,3,1,3,yes,no,no,no,no,0,no,unfurnished,4830000
1021,5850,3,1,2,yes,no,yes,no,no,1,no,unfurnished,2940000
817,4075,3,1,1,yes,yes,yes,no,no,2,no,semi-furnished,4340000
534,3000,4,1,2,yes,no,no,no,no,0,no,unfurnished,2100000
125,15600,3,1,1,yes,no,no,no,yes,2,no,semi-furnished,5943000
605,6000,3,2,2,yes,yes,no,no,no,1,no,semi-furnished,7140000
937,3990,3,1,2,yes,no,no,no,no,0,no,semi-furnished,3500000
206,5800,2,1,1,yes,yes,yes,no,yes,0,no,semi-furnished,4900000
575,7475,3,2,4,yes,no,no,no,yes,2,no,unfurnished,8400000
894,4820,3,1,2,yes,no,no,no,no,0,no,semi-furnished,3780000
529,3970,3,1,2,yes,no,yes,no,no,0,no,unfurnished,2275000
163,6825,3,1,1,yes,yes,yes,no,yes,0,yes,semi-furnished,5425000
979,3792,4,1,2,yes,no,no,no,no,0,no,semi-furnished,3290000
302,2145,3,1,3,yes,no,no,no,no,1,yes,unfurnished,4200000
729,3000,3,2,2,yes,yes,yes,no,no,0,no,furnished,5110000
714,6540,4,2,2,no,no,no,no,yes,0,no,semi-furnished,5250000
185,3000,3,1,2,yes,no,yes,no,no,0,no,unfurnished,5110000
69,12090,4,2,2,yes,no,no,no,no,2,yes,furnished,6790000
747,4120,2,1,1,yes,no,yes,no,no,1,no,semi-furnished,4900000
287,5500,3,1,2,yes,no,no,no,yes,0,no,unfurnished,4200000
941,3640,2,1,1,yes,no,no,no,no,1,no,semi-furnished,3500000
581,7482,3,2,3,yes,no,no,yes,no,1,yes,furnished,8043000
765,8100,4,1,4,yes,no,yes,no,yes,2,no,semi-furnished,4795000
832,5500,3,1,2,yes,no,no,no,yes,0,no,unfurnished,4200000
437,5880,3,1,1,yes,no,no,no,no,1,no,unfurnished,3290000
502,3480,2,1,1,yes,no,no,no,no,1,no,semi-furnished,2660000
569,8800,3,2,2,yes,no,no,no,yes,2,no,furnished,8575000
351,3600,2,1,1,yes,no,no,no,no,0,no,semi-furnished,3780000
756,12900,3,1,1,yes,no,no,no,no,2,no,furnished,4900000
447,3500,2,1,1,no,no,yes,no,no,0,no,semi-furnished,3150000
709,6710,3,2,2,yes,yes,yes,no,no,1,yes,furnished,5390000
533,2400,3,1,2,yes,no,no,no,no,0,no,unfurnished,2100000
445,3450,1,1,1,yes,no,no,no,no,0,no,furnished,3150000
677,5200,3,1,3,yes,no,no,no,yes,0,no,semi-furnished,5810000
848,4500,3,1,1,yes,no,yes,no,no,0,no,furnished,4200000
521,3635,2,1,1,no,no,no,no,no,0,no,unfurnished,2408000
859,4040,2,1,2,yes,no,no,no,no,1,no,semi-furnished,4095000
878,3000,3,1,2,yes,no,no,no,no,0,no,semi-furnished,3920000
744,4200,3,1,2,yes,no,no,no,no,1,no,furnished,4907000
623,5700,3,1,1,yes,yes,yes,no,yes,2,yes,furnished,6650000
633,7410,3,1,1,yes,yes,yes,no,yes,2,yes,unfurnished,6475000
383,4500,4,2,2,yes,no,yes,no,no,2,no,furnished,3570000
469,4600,2,1,1,yes,no,no,no,no,0,no,furnished,3010000
514,3000,3,1,2,no,no,no,no,no,0,no,semi-furnished,2485000
708,6825,3,1,1,yes,yes,yes,no,yes,0,yes,semi-furnished,5425000
835,2610,4,3,2,no,no,no,no,no,0,no,semi-furnished,4200000
214,4350,2,1,1,yes,no,yes,no,no,0,no,unfurnished,4865000
361,6020,3,1,1,yes,no,no,no,no,0,no,semi-furnished,3710000
333,3000,3,1,2,yes,no,no,no,no,0,no,semi-furnished,3920000
402,5880,2,1,1,yes,no,no,no,no,0,no,unfurnished,3500000
653,3240,4,1,3,yes,no,no,no,no,1,no,semi-furnished,6107500
625,6000,3,1,2,yes,no,no,yes,no,1,yes,semi-furnished,6629000
122,6254,4,2,1,yes,no,yes,no,no,1,yes,semi-furnished,5950000
843,5800,3,1,1,yes,no,no,yes,no,2,no,semi-furnished,4200000
863,4340,3,1,1,yes,no,no,no,no,0,no,semi-furnished,4060000
685,5800,3,2,4,yes,no,no,no,yes,0,no,unfurnished,5740000
710,6450,3,2,1,yes,yes,yes,yes,no,0,no,unfurnished,5383000
70,4000,3,2,2,yes,no,yes,no,yes,0,yes,semi-furnished,6790000
964,4960,4,1,3,no,no,no,no,no,0,no,semi-furnished,3360000
871,4100,4,1,1,no,no,yes,no,no,0,no,unfurnished,3990000
363,3584,2,1,1,yes,no,no,yes,no,0,no,semi-furnished,3710000
903,3480,2,1,1,yes,no,no,no,no,0,yes,semi-furnished,3745000
830,6650,3,1,2,yes,yes,no,no,no,0,no,semi-furnished,4235000
911,3630,2,1,1,yes,no,yes,no,no,0,no,furnished,3675000
905,4040,2,1,1,yes,no,no,no,no,0,no,semi-furnished,3710000
1026,2700,2,1,1,no,no,no,no,no,0,no,furnished,2940000
328,4500,3,2,2,no,no,yes,no,yes,0,no,semi-furnished,3990000
953,4000,2,1,1,yes,no,no,no,no,0,no,unfurnished,3430000
532,3000,2,1,1,no,no,no,no,no,0,no,unfurnished,2135000
1039,6800,2,1,1,yes,no,no,no,no,0,no,unfurnished,2730000
408,4000,2,1,1,yes,no,no,no,no,0,no,unfurnished,3430000
673,5500,3,1,3,yes,yes,no,no,yes,1,no,furnished,5873000
735,7600,4,1,2,yes,no,no,no,yes,2,no,furnished,5040000
464,4500,2,1,2,yes,no,no,yes,no,1,no,semi-furnished,3080000
271,1905,5,1,2,no,no,yes,no,no,0,no,semi-furnished,4340000
674,11460,3,1,3,yes,no,no,no,no,2,yes,semi-furnished,5873000
522,2475,3,1,2,yes,no,no,no,no,0,no,furnished,2380000
101,5500,3,1,3,yes,no,no,no,no,1,yes,unfurnished,6230000
190,7600,4,1,2,yes,no,no,no,yes,2,no,furnished,5040000
901,2520,5,2,1,no,no,yes,no,yes,1,no,furnished,3773000
159,3150,3,2,1,yes,yes,yes,no,yes,0,no,furnished,5460000
691,10500,2,1,1,yes,no,no,no,no,1,no,semi-furnished,5600000
143,4800,5,2,3,no,no,yes,yes,no,0,no,unfurnished,5600000
536,3420,5,1,2,no,no,no,no,no,0,no,unfurnished,1960000
723,7085,3,1,1,yes,yes,yes,no,no,2,yes,semi-furnished,5229000
701,6900,3,1,1,yes,yes,yes,no,no,0,yes,semi-furnished,5523000
997,9000,3,1,2,yes,no,no,no,no,2,no,semi-furnished,3150000
33,5960,3,3,2,yes,yes,yes,no,no,1,no,unfurnished,8190000
1005,8100,2,1,1,yes,no,no,no,no,1,no,unfurnished,3087000
267,4920,3,1,2,yes,no,no,no,no,1,no,semi-furnished,4403000
34,6840,5,1,2,yes,yes,yes,no,yes,1,no,furnished,8120000
531,5300,3,1,1,no,no,no,no,yes,0,yes,unfurnished,2233000
461,4960,2,1,1,yes,no,yes,no,yes,0,no,unfurnished,3080000
12,6550,4,2,2,yes,no,no,no,yes,1,yes,semi-furnished,9310000
749,4770,3,1,1,yes,yes,yes,no,no,0,no,semi-furnished,4900000
667,6254,4,2,1,yes,no,yes,no,no,1,yes,semi-furnished,5950000
683,5000,3,1,3,yes,no,no,no,yes,0,no,semi-furnished,5740000
247,8400,4,1,4,yes,no,no,no,no,3,no,unfurnished,4550000
277,10360,2,1,1,yes,no,no,no,no,1,yes,semi-furnished,4305000
770,6440,2,1,1,yes,no,no,no,yes,3,no,semi-furnished,4753000
108,3240,4,1,3,yes,no,no,no,no,1,no,semi-furnished,6107500
58,7680,4,2,4,yes,yes,no,no,yes,1,no,semi-furnished,7210000
1080,3360,2,1,1,yes,no,no,no,no,1,no,unfurnished,2100000
244,5320,3,1,2,yes,yes,yes,no,no,0,yes,semi-furnished,4550000
433,3480,4,1,2,no,no,no,no,no,1,no,semi-furnished,3290000
349,4820,3,1,2,yes,no,no,no,no,0,no,semi-furnished,3780000
722,6050,3,1,1,yes,no,yes,no,no,0,yes,semi-furnished,5243000
30,7475,3,2,4,yes,no,no,no,yes,2,no,unfurnished,8400000
306,4840,3,1,2,yes,no,no,no,no,1,no,semi-furnished,4165000
789,5320,3,1,2,yes,yes,yes,no,no,0,yes,semi-furnished,4550000
818,3500,4,1,2,yes,no,no,no,no,2,no,furnished,4340000
812,4920,3,1,2,yes,no,no,no,no,1,no,semi-furnished,4403000
396,3640,2,1,1,yes,no,no,no,no,1,no,semi-furnished,3500000
231,4320,3,1,1,yes,no,no,no,no,0,yes,semi-furnished,4690000
285,6650,3,1,2,yes,yes,no,no,no,0,no,semi-furnished,4235000
1052,3600,2,1,1,yes,no,no,no,no,0,no,unfurnished,2590000
509,3600,2,2,2,yes,no,yes,no,no,1,no,furnished,2590000
671,7160,3,1,1,yes,no,yes,no,no,2,yes,unfurnished,5880000
668,7320,4,2,2,yes,no,no,no,no,0,no,furnished,5950000
797,9860,3,1,1,yes,no,no,no,no,0,no,semi-furnished,4515000
923,2275,3,1,3,yes,no,no,yes,yes,0,yes,semi-furnished,3640000
1062,3000,2,1,1,yes,no,no,no,no,1,no,unfurnished,2450000
473,8050,2,1,1,yes,no,no,no,no,0,no,unfurnished,3003000
1071,3180,2,1,1,yes,no,no,no,no,0,no,unfurnished,2310000
619,4040,3,1,2,yes,no,yes,yes,no,1,no,furnished,6650000
393,7424,3,1,1,no,no,no,no,no,0,no,unfurnished,3500000
345,2015,3,1,2,yes,no,yes,no,no,0,yes,semi-furnished,3850000
750,6300,3,1,1,yes,no,no,no,yes,2,no,semi-furnished,4900000
167,4600,2,2,1,yes,no,no,no,yes,2,no,semi-furnished,5285000
798,3520,2,1,2,yes,no,no,no,no,0,yes,furnished,4515000
854,4632,4,1,2,yes,no,no,no,yes,0,no,semi-furnished,4130000
389,4600,4,1,2,yes,no,no,no,no,0,no,semi-furnished,3500000
641,9000,3,1,1,yes,no,yes,no,no,1,yes,furnished,6300000
603,7680,4,2,4,yes,yes,no,no,yes,1,no,semi-furnished,7210000
161,6100,3,1,3,yes,yes,no,no,yes,0,yes,semi-furnished,5460000
227,6000,2,1,1,yes,no,yes,no,yes,1,no,furnished,4690000
118,6420,3,1,1,yes,no,yes,no,yes,0,yes,furnished,5950000
270,4500,3,2,3,yes,no,no,yes,no,1,no,furnished,4340000
738,4800,2,1,1,yes,yes,yes,no,no,0,no,semi-furnished,5033000
684,6360,3,1,1,yes,yes,yes,no,yes,2,yes,furnished,5740000
139,6360,3,1,1,yes,yes,yes,no,yes,2,yes,furnished,5740000
771,5170,3,1,4,yes,no,no,no,yes,0,no,semi-furnished,4690000
1044,3630,3,3,2,no,yes,no,no,no,0,no,unfurnished,2660000
602,9000,4,2,4,yes,yes,no,no,yes,1,yes,furnished,7245000
369,3600,2,1,1,yes,no,no,no,no,0,no,furnished,3675000
460,8100,2,1,1,yes,no,no,no,no,1,no,unfurnished,3087000
638,7200,3,2,1,yes,no,yes,no,yes,3,no,semi-furnished,6300000
432,6060,3,1,1,yes,yes,yes,no,no,0,no,furnished,3290000
935,2135,3,2,2,no,no,no,no,no,0,no,unfurnished,3500000
5,7500,3,3,1,yes,no,yes,no,yes,2,yes,semi-furnished,10850000
179,3180,3,2,2,yes,no,no,no,no,2,no,semi-furnished,5215000
827,2175,3,1,2,no,yes,yes,no,yes,0,no,unfurnished,4270000
340,5300,5,2,2,yes,no,no,no,no,0,no,semi-furnished,3850000
772,6000,2,1,1,yes,no,yes,no,yes,1,no,furnished,4690000
230,5400,2,1,2,yes,no,no,no,no,0,yes,semi-furnished,4690000
1056,3180,3,1,1,no,no,no,no,no,0,no,unfurnished,2520000
985,3640,4,1,2,yes,no,yes,no,no,0,no,unfurnished,3234000
280,6360,2,1,2,yes,no,no,no,no,0,no,unfurnished,4270000
411,2145,3,1,3,yes,no,no,no,no,0,yes,furnished,3430000
1053,4400,2,1,1,yes,no,no,no,no,0,no,unfurnished,2590000
123,7320,4,2,2,yes,no,no,no,no,0,no,furnished,5950000
198,5948,3,1,2,yes,no,no,no,yes,0,no,semi-furnished,4935000
519,4840,2,1,2,yes,no,no,no,no,0,no,unfurnished,2450000
49,7440,3,2,1,yes,yes,yes,no,yes,0,yes,semi-furnished,7420000
95,4100,3,2,3,yes,no,no,no,yes,2,no,semi-furnished,6300000
993,4095,2,1,1,yes,no,no,no,no,2,no,semi-furnished,3150000
508,4400,2,1,1,yes,no,no,no,no,0,no,unfurnished,2590000
846,3520,3,1,2,yes,no,no,no,no,0,yes,semi-furnished,4200000
651,5450,4,2,1,yes,no,yes,no,yes,0,yes,semi-furnished,6160000
426,2700,3,1,1,no,no,no,no,no,0,no,furnished,3353000
959,4040,2,1,1,yes,no,no,no,no,0,no,unfurnished,3423000
218,4815,2,1,1,yes,no,no,no,yes,0,yes,semi-furnished,4830000
597,6000,4,2,4,yes,yes,no,no,yes,1,no,furnished,7350000
2,9960,3,2,2,yes,no,yes,no,no,2,yes,semi-furnished,12250000
626,4000,3,2,2,yes,no,yes,no,yes,1,no,semi-furnished,6615000
564,6420,3,2,2,yes,no,no,no,yes,1,yes,semi-furnished,8855000
260,3162,3,1,2,yes,no,no,no,yes,1,no,furnished,4473000
365,5450,2,1,1,yes,no,no,no,no,0,no,furnished,3703000
264,4900,2,1,2,yes,no,yes,no,no,0,no,semi-furnished,4410000
39,6000,4,2,4,yes,no,no,no,yes,1,no,semi-furnished,7910000
343,4080,2,1,1,yes,no,no,no,no,0,no,semi-furnished,3850000
235,5680,3,1,2,yes,yes,no,no,yes,1,no,semi-furnished,4620000
711,7800,3,1,1,yes,no,yes,no,yes,2,yes,unfurnished,5320000
1055,2880,3,1,1,no,no,no,no,no,0,no,unfurnished,2520000
32,4880,4,2,2,yes,no,no,no,yes,1,yes,furnished,8295000
453,3069,2,1,1,yes,no,no,no,no,1,no,unfurnished,3150000
1084,2990,2,1,1,no,no,no,no,no,1,no,unfurnished,1855000
762,6862,3,1,2,yes,no,no,no,yes,2,yes,furnished,4830000
692,5500,3,2,2,yes,no,no,no,no,1,no,semi-furnished,5600000
740,4410,4,3,2,yes,no,yes,no,no,2,no,semi-furnished,4970000
726,7200,3,1,2,yes,yes,yes,no,no,1,yes,furnished,5215000
457,3000,3,1,1,no,no,no,no,yes,0,no,unfurnished,3115000
538,3649,2,1,1,yes,no,no,no,no,0,no,unfurnished,1890000
228,3630,3,1,2,yes,no,no,no,no,2,no,semi-furnished,4690000
662,3700,4,1,2,yes,yes,no,no,yes,0,no,furnished,5950000
572,8875,3,1,1,yes,no,no,no,no,1,no,semi-furnished,8400000
209,6720,3,1,1,yes,no,no,no,no,0,no,unfurnished,4900000
705,6210,4,1,4,yes,yes,no,no,yes,0,no,furnished,5460000
368,5640,2,1,1,no,no,no,no,no,0,no,semi-furnished,3675000
429,4775,4,1,2,yes,no,no,no,no,0,no,unfurnished,3325000
128,5500,3,1,3,yes,yes,no,no,yes,1,no,furnished,5873000
570,6540,4,2,2,yes,yes,yes,no,yes,2,yes,furnished,8540000
550,7500,3,3,1,yes,no,yes,no,yes,2,yes,semi-furnished,10850000
525,3640,2,1,1,yes,no,no,no,no,0,no,unfurnished,2345000
862,4992,3,2,2,yes,no,no,no,no,2,no,unfurnished,4060000
135,6000,3,2,4,yes,no,no,no,yes,0,no,unfurnished,5775000
394,3480,3,1,1,no,no,no,no,yes,0,no,unfurnished,3500000
768,6321,3,1,2,yes,no,yes,no,yes,1,no,furnished,4760000
73,6600,2,2,4,yes,no,yes,no,no,0,yes,furnished,6685000
293,4410,2,1,1,no,no,no,no,no,1,no,unfurnished,4200000
553,8100,4,1,2,yes,yes,yes,no,yes,2,yes,furnished,9870000
1009,4500,2,1,2,yes,no,no,yes,no,1,no,semi-furnished,3080000
593,4300,3,2,2,yes,no,yes,no,no,1,no,unfurnished,7455000
60,6000,3,2,2,yes,yes,no,no,no,1,no,semi-furnished,7140000
618,6600,2,2,4,yes,no,yes,no,no,0,yes,furnished,6685000
590,6000,3,2,3,yes,no,no,no,yes,0,no,semi-furnished,7560000
980,4040,2,1,1,yes,no,no,no,no,0,no,unfurnished,3290000
398,3120,3,1,2,yes,no,no,no,no,1,no,unfurnished,3500000
74,4040,3,1,2,yes,no,yes,yes,no,1,no,furnished,6650000
734,3540,2,1,1,no,yes,yes,no,no,0,no,semi-furnished,5040000
971,2700,3,1,1,no,no,no,no,no,0,no,furnished,3353000
761,6040,3,1,1,yes,no,no,no,no,2,yes,semi-furnished,4830000
275,4032,2,1,1,yes,no,yes,no,no,0,no,furnished,4319000
258,4040,3,1,2,yes,no,no,no,no,1,no,semi-furnished,4480000
634,8580,5,3,2,yes,no,no,no,no,2,no,furnished,6440000
421,4750,2,1,1,yes,no,no,no,no,0,no,unfurnished,3360000
989,3120,3,1,2,no,no,no,no,no,0,no,furnished,3220000
176,8520,3,1,1,yes,no,no,no,yes,2,no,furnished,5250000
485,3630,2,1,1,yes,no,no,no,no,0,no,unfurnished,2870000
604,6000,3,2,4,yes,yes,no,no,yes,1,no,furnished,7210000
599,6000,3,2,2,yes,yes,no,no,yes,1,no,semi-furnished,7350000
719,3800,3,1,2,yes,yes,yes,no,no,1,yes,unfurnished,5250000
397,5900,2,1,1,yes,no,no,no,no,1,no,furnished,3500000
902,6930,4,1,2,no,no,no,no,no,1,no,furnished,3773000
127,6500,3,2,3,yes,no,no,no,yes,0,no,unfurnished,5880000
844,7000,3,1,1,yes,no,no,no,no,3,no,furnished,4200000
754,6720,3,1,1,yes,no,no,no,no,0,no,unfurnished,4900000
312,3600,3,1,1,yes,no,yes,no,yes,0,yes,furnished,4098500
1017,3630,4,1,2,yes,no,no,no,no,3,no,semi-furnished,3010000
523,2787,4,2,2,yes,no,no,no,no,0,no,furnished,2380000
317,4992,3,2,2,yes,no,no,no,no,2,no,unfurnished,4060000
428,4040,2,1,1,yes,no,no,no,no,1,no,unfurnished,3325000
621,6420,3,2,3,yes,no,no,no,yes,0,yes,furnished,6650000
825,6360,2,1,2,yes,no,no,no,no,0,no,unfurnished,4270000
124,6525,3,2,4,yes,no,no,no,no,1,no,furnished,5950000
730,3000,3,1,2,yes,no,yes,no,no,0,no,unfurnished,5110000
180,4500,4,2,1,no,no,yes,no,yes,2,no,semi-furnished,5215000
205,6300,3,1,1,yes,no,no,no,yes,2,no,semi-furnished,4900000
889,3850,2,1,1,yes,no,no,no,no,0,no,semi-furnished,3850000
427,2145,3,1,2,yes,no,yes,no,no,0,yes,furnished,3332000
169,6540,4,2,2,no,no,no,no,yes,0,no,semi-furnished,5250000
55,6000,3,1,2,yes,no,no,no,yes,1,no,unfurnished,7350000
23,4560,3,2,2,yes,yes,yes,no,yes,1,no,furnished,8645000
807,3750,2,1,1,yes,yes,yes,no,no,0,no,semi-furnished,4445000
829,7770,2,1,1,yes,no,no,no,no,1,no,furnished,4270000
915,4280,2,1,1,yes,no,no,no,yes,2,no,semi-furnished,3640000
975,2500,2,1,1,no,no,no,no,yes,0,no,unfurnished,3290000
1040,4000,3,1,2,yes,no,no,no,no,1,no,unfurnished,2730000
387,4240,3,1,2,yes,no,no,no,yes,0,no,semi-furnished,3500000
645,6600,3,2,1,yes,no,yes,no,yes,0,yes,unfurnished,6230000
659,6800,2,1,1,yes,yes,yes,no,no,2,no,furnished,6020000
945,3512,2,1,1,yes,no,no,no,no,1,yes,unfurnished,3500000
920,5960,3,1,2,yes,yes,yes,no,no,0,no,unfurnished,3640000
440,3640,4,1,2,yes,no,yes,no,no,0,no,unfurnished,3234000
987,2684,2,1,1,yes,no,no,no,yes,1,no,unfurnished,3220000
189,3540,2,1,1,no,yes,yes,no,no,0,no,semi-furnished,5040000
991,3986,2,2,1,no,yes,yes,no,no,1,no,unfurnished,3150000
949,4900,3,1,2,no,no,no,no,no,0,no,unfurnished,3493000
925,4500,2,1,1,yes,no,no,no,no,0,no,semi-furnished,3605000
591,6000,3,2,4,yes,no,no,no,yes,1,no,furnished,7525000
810,2880,3,1,2,yes,no,no,no,no,0,yes,semi-furnished,4403000
644,6000,4,1,3,yes,yes,yes,no,no,0,yes,unfurnished,6265000
145,5000,3,1,4,yes,no,no,no,no,0,no,furnished,5600000
814,3900,3,1,2,yes,no,no,no,no,0,no,unfurnished,4375000
664,7020,3,1,1,yes,no,yes,no,yes,2,yes,semi-furnished,5950000
106,5450,4,2,1,yes,no,yes,no,yes,0,yes,semi-furnished,6160000
986,4370,3,1,2,yes,no,no,no,no,0,no,unfurnished,3220000
331,7260,3,2,1,yes,yes,yes,no,no,3,no,furnished,3920000
45,6000,3,2,3,yes,no,no,no,yes,0,no,semi-furnished,7560000
786,3760,3,1,1,yes,no,no,no,no,2,no,semi-furnished,4550000
391,3036,3,1,2,yes,no,yes,no,no,0,no,semi-furnished,3500000
6,8580,4,3,4,yes,no,no,no,yes,2,yes,semi-furnished,10150000
232,3745,3,1,2,yes,no,yes,no,no,0,no,furnished,4655000
856,6060,2,1,1,yes,no,yes,no,no,1,no,semi-furnished,4123000
1067,2475,3,1,2,yes,no,no,no,no,0,no,furnished,2380000
639,6000,4,2,4,yes,no,no,no,no,1,no,semi-furnished,6300000
323,5400,3,1,1,yes,no,no,no,no,3,no,semi-furnished,4025000
301,3520,3,1,2,yes,no,no,no,no,0,yes,semi-furnished,4200000
558,3500,4,2,2,yes,no,no,yes,no,2,no,furnished,9240000
610,8880,3,2,2,yes,no,yes,no,yes,1,no,furnished,6930000
64,11175,3,1,1,yes,no,yes,no,yes,1,yes,furnished,7000000
670,15600,3,1,1,yes,no,no,no,yes,2,no,semi-furnished,5943000
224,10240,2,1,1,yes,no,no,no,yes,2,yes,unfurnished,4760000
977,6060,3,1,1,yes,yes,yes,no,no,0,no,furnished,3290000
154,3650,3,2,2,yes,no,no,no,no,2,no,semi-furnished,5530000
105,4500,3,1,4,yes,no,no,no,yes,0,no,unfurnished,6160000
917,3180,3,1,2,no,no,yes,no,no,0,no,semi-furnished,3640000
374,3520,2,2,1,yes,no,yes,no,no,0,no,semi-furnished,3640000
571,6000,3,2,4,yes,yes,yes,no,yes,0,yes,semi-furnished,8463000
718,5300,4,2,1,yes,no,no,no,yes,0,yes,unfurnished,5250000
296,4600,3,2,2,yes,no,no,no,yes,1,no,semi-furnished,4200000
13,3500,4,2,2,yes,no,no,yes,no,2,no,furnished,9240000
1038,3960,3,1,1,yes,no,no,no,no,0,no,furnished,2800000
140,5800,3,2,4,yes,no,no,no,yes,0,no,unfurnished,5740000
77,6500,3,2,3,yes,no,no,no,yes,0,yes,furnished,6650000
973,4040,2,1,1,yes,no,no,no,no,1,no,unfurnished,3325000
46,6000,3,2,4,yes,no,no,no,yes,1,no,furnished,7525000
681,5400,4,2,2,yes,no,no,no,yes,2,no,unfurnished,5740000
826,4500,2,1,1,yes,no,no,no,yes,2,no,furnished,4270000
268,4950,4,1,2,yes,no,no,no,yes,0,no,semi-furnished,4382000
800,5885,2,1,1,yes,no,no,no,yes,1,no,unfurnished,4480000
892,3350,3,1,2,yes,no,no,no,no,0,no,unfurnished,3836000
165,6450,3,2,1,yes,yes,yes,yes,no,0,no,unfurnished,5383000
978,3480,4,1,2,no,no,no,no,no,1,no,semi-furnished,3290000
175,9800,4,2,2,yes,yes,no,no,no,2,no,semi-furnished,5250000
563,4600,3,2,2,yes,yes,no,no,yes,2,no,furnished,8890000
273,3500,4,1,2,yes,no,no,no,no,2,no,furnished,4340000
970,3185,2,1,1,yes,no,yes,no,no,2,no,furnished,3360000
913,5640,2,1,1,no,no,no,no,no,0,no,semi-furnished,3675000
663,6420,3,1,1,yes,no,yes,no,yes,0,yes,furnished,5950000
792,8400,4,1,4,yes,no,no,no,no,3,no,unfurnished,4550000
527,1836,2,1,1,no,no,yes,no,no,0,no,semi-furnished,2275000
518,3500,2,1,1,yes,yes,no,no,no,0,no,unfurnished,2450000
395,3600,6,1,2,yes,no,no,no,no,1,no,unfurnished,3500000
922,2850,3,2,2,no,no,yes,no,no,0,yes,unfurnished,3640000
76,6420,3,2,3,yes,no,no,no,yes,0,yes,furnished,6650000
390,2135,3,2,2,no,no,no,no,no,0,no,unfurnished,3500000
1083,3649,2,1,1,yes,no,no,no,no,0,no,unfurnished,1890000
262,3750,2,1,1,yes,yes,yes,no,no,0,no,semi-furnished,4445000
755,4646,3,1,2,yes,yes,yes,no,no,2,no,semi-furnished,4900000
926,4000,2,1,1,yes,no,no,no,no,0,yes,semi-furnished,3605000
40,6550,3,1,2,yes,no,yes,no,yes,0,yes,furnished,7875000
697,5400,5,1,2,yes,yes,yes,no,yes,0,yes,furnished,5565000
819,6450,4,1,2,yes,no,no,no,no,0,no,semi-furnished,4340000
660,8000,3,1,1,yes,yes,yes,no,yes,2,yes,semi-furnished,6020000
384,4500,2,1,1,no,no,no,no,no,0,no,furnished,3570000
592,6600,3,1,4,yes,no,no,no,yes,3,yes,furnished,7490000
92,4800,3,2,4,yes,yes,no,no,yes,0,no,furnished,6405000
444,3120,3,1,2,no,no,no,no,no,0,no,furnished,3220000
360,4040,2,1,1,yes,no,no,no,no,0,no,semi-furnished,3710000
806,3510,3,1,2,yes,no,no,no,no,0,no,semi-furnished,4473000
921,4130,3,2,2,yes,no,no,no,no,2,no,semi-furnished,3640000
151,4400,4,1,2,yes,no,no,no,yes,2,yes,semi-furnished,5565000
91,6750,2,1,1,yes,yes,yes,no,no,2,yes,furnished,6419000
334,3290,2,1,1,yes,no,no,yes,no,1,no,furnished,3920000
870,3460,4,1,2,yes,no,no,no,yes,0,no,semi-furnished,4007500
50,7440,3,2,4,yes,no,no,no,no,1,yes,unfurnished,7420000
269,3900,3,1,2,yes,no,no,no,no,0,no,unfurnished,4375000
456,2398,3,1,1,yes,no,no,no,no,0,yes,semi-furnished,3118850
928,4500,4,2,2,yes,no,yes,no,no,2,no,furnished,3570000
864,3000,4,1,3,yes,no,yes,no,yes,2,no,semi-furnished,4060000
816,1905,5,1,2,no,no,yes,no,no,0,no,semi-furnished,4340000
335,3816,2,1,1,yes,no,yes,no,yes,2,no,furnished,3920000
857,3600,3,1,1,yes,no,yes,no,yes,0,yes,furnished,4098500
425,3185,2,1,1,yes,no,yes,no,no,2,no,furnished,3360000
110,6600,3,1,1,yes,yes,yes,no,no,2,yes,semi-furnished,6090000
682,4640,4,1,2,yes,no,no,no,no,1,no,semi-furnished,5740000
10,13200,3,1,2,yes,no,yes,no,yes,2,yes,furnished,9800000
596,6325,3,1,4,yes,no,no,no,yes,1,no,unfurnished,7420000
1089,3850,3,1,2,yes,no,no,no,no,0,no,unfurnished,1750000
470,5076,3,1,1,no,no,no,no,no,0,no,unfurnished,3010000
811,4880,3,1,1,yes,no,no,no,no,2,yes,unfurnished,4403000
861,5900,4,2,2,no,no,yes,no,no,1,no,unfurnished,4060000
824,6360,2,1,1,yes,no,no,no,no,0,no,furnished,4270000
831,2787,3,1,1,yes,no,yes,no,no,0,yes,furnished,4235000
630,8250,3,2,3,yes,no,no,no,yes,0,no,furnished,6510000
19,6420,3,2,2,yes,no,no,no,yes,1,yes,semi-furnished,8855000
1031,6000,2,1,1,yes,no,no,no,no,0,no,semi-furnished,2870000
112,4300,6,2,2,yes,no,no,no,no,0,no,furnished,6083000
288,5040,3,1,2,yes,no,yes,no,yes,0,no,unfurnished,4200000
1022,4960,2,1,1,yes,no,no,no,no,0,no,unfurnished,2940000
511,3180,3,1,1,no,no,no,no,no,0,no,unfurnished,2520000
1013,2835,2,1,1,yes,no,no,no,no,0,no,semi-furnished,3010000
579,6840,5,1,2,yes,yes,yes,no,yes,1,no,furnished,8120000
475,3000,2,1,2,yes,no,no,no,no,0,no,semi-furnished,2961000
627,10500,3,2,1,yes,no,yes,no,yes,1,yes,furnished,6615000
16,6600,4,2,2,yes,yes,yes,no,yes,1,yes,unfurnished,9100000
855,5985,3,1,1,yes,no,yes,no,no,0,no,semi-furnished,4130000
999,4500,3,1,2,yes,no,no,no,yes,0,no,unfurnished,3143000
480,3480,3,1,2,no,no,no,no,no,1,no,semi-furnished,2940000
257,8250,3,1,1,yes,no,no,no,no,0,no,furnished,4480000
79,6000,3,2,3,yes,yes,no,no,yes,0,no,furnished,6650000
416,3450,3,1,1,yes,no,yes,no,no,2,no,unfurnished,3395000
736,10700,3,1,2,yes,yes,yes,no,no,0,no,semi-furnished,5040000
253,3520,2,1,2,yes,no,no,no,no,0,yes,furnished,4515000
102,5500,3,2,4,yes,yes,no,no,yes,1,no,semi-furnished,6195000
283,4360,4,1,2,yes,no,no,no,no,0,no,furnished,4270000
567,8050,3,1,1,yes,yes,yes,no,yes,1,no,furnished,8645000
348,3150,2,2,1,no,no,yes,no,no,0,no,semi-furnished,3815000
405,3060,3,1,1,yes,no,no,no,no,0,no,unfurnished,3465000
842,3640,3,2,2,yes,no,yes,no,no,0,no,unfurnished,4200000
500,2800,3,1,1,yes,no,no,no,no,0,no,unfurnished,2660000
956,2145,3,1,3,yes,no,no,no,no,0,yes,furnished,3430000
841,4600,3,2,2,yes,no,no,no,yes,1,no,semi-furnished,4200000
717,8400,3,1,2,yes,yes,yes,no,yes,2,yes,unfurnished,5250000
422,3720,2,1,1,no,no,no,no,yes,0,no,unfurnished,3360000
732,6100,3,1,1,yes,no,yes,no,yes,0,yes,semi-furnished,5110000
191,10700,3,1,2,yes,yes,yes,no,no,0,no,semi-furnished,5040000
276,4400,2,1,1,yes,no,no,no,no,1,no,semi-furnished,4305000
503,4000,3,1,1,yes,no,no,no,no,0,no,semi-furnished,2660000
957,2610,3,1,2,yes,no,yes,no,no,0,yes,unfurnished,3430000
443,4320,3,1,1,no,no,no,no,no,1,no,unfurnished,3220000
3,7500,4,2,2,yes,no,yes,no,yes,3,yes,furnished,12215000
382,3150,3,1,2,yes,no,yes,no,no,0,no,furnished,3570000
595,7440,3,2,4,yes,no,no,no,no,1,yes,unfurnished,7420000
1064,4840,2,1,2,yes,no,no,no,no,0,no,unfurnished,2450000
696,4400,4,1,2,yes,no,no,no,yes,2,yes,semi-furnished,5565000
616,6000,4,2,4,yes,no,no,no,yes,0,no,unfurnished,6755000
31,7000,3,1,4,yes,no,no,no,yes,2,no,semi-furnished,8400000
237,5010,3,1,2,yes,no,yes,no,no,0,no,semi-furnished,4620000
109,6615,4,2,2,yes,yes,no,yes,no,1,no,semi-furnished,6090000
624,6000,3,2,3,yes,yes,no,no,yes,0,no,furnished,6650000
899,8400,2,1,1,yes,no,no,no,no,1,no,furnished,3780000
939,3480,3,1,1,no,no,no,no,yes,0,no,unfurnished,3500000
983,4500,2,1,1,no,no,no,no,no,0,no,semi-furnished,3255000
909,3120,3,1,2,no,no,yes,yes,no,0,no,semi-furnished,3703000
1068,2787,4,2,2,yes,no,no,no,no,0,no,furnished,2380000
251,3450,3,1,2,yes,no,yes,no,no,1,no,semi-furnished,4515000
1042,3934,2,1,1,yes,no,no,no,no,0,no,unfurnished,2660000
90,5000,3,1,2,yes,no,no,no,yes,0,no,semi-furnished,6440000
1047,3480,2,1,1,yes,no,no,no,no,1,no,semi-furnished,2660000
111,8372,3,1,3,yes,no,no,no,yes,2,no,unfurnished,6090000
220,8100,4,1,4,yes,no,yes,no,yes,2,no,semi-furnished,4795000
43,6000,4,2,4,yes,no,no,no,no,2,no,semi-furnished,7700000
357,6930,4,1,2,no,no,no,no,no,1,no,furnished,3773000
504,3185,2,1,1,yes,no,no,no,yes,0,no,unfurnished,2653000
845,4079,3,1,3,yes,no,no,no,no,0,no,semi-furnished,4200000
850,3450,3,1,2,yes,no,no,no,no,1,no,semi-furnished,4193000
703,7980,3,1,1,yes,no,no,no,no,2,no,semi-furnished,5495000
314,4040,2,1,2,yes,no,no,no,no,1,no,semi-furnished,4095000
882,2145,4,2,1,yes,no,yes,no,no,0,yes,unfurnished,3920000
776,4320,3,1,1,yes,no,no,no,no,0,yes,semi-furnished,4690000
838,4410,2,1,1,no,no,no,no,no,1,no,unfurnished,4200000
936,3036,3,1,2,yes,no,yes,no,no,0,no,semi-furnished,3500000
890,2015,3,1,2,yes,no,yes,no,no,0,yes,semi-furnished,3850000
424,3100,3,1,2,no,no,yes,no,no,0,no,semi-furnished,3360000
930,3640,2,1,1,yes,no,no,no,no,0,no,unfurnished,3570000
379,3520,3,1,1,yes,no,no,no,no,2,yes,unfurnished,3633000
492,2650,3,1,2,yes,no,yes,no,no,1,no,unfurnished,2800000
647,5500,3,2,4,yes,yes,no,no,yes,1,no,semi-furnished,6195000
943,3120,3,1,2,yes,no,no,no,no,1,no,unfurnished,3500000
933,3650,3,1,2,yes,no,no,no,no,0,no,unfurnished,3500000
243,2550,3,1,2,yes,no,yes,no,no,0,no,furnished,4550000
496,4000,2,1,1,yes,no,no,no,no,0,no,unfurnished,2695000
545,7420,4,2,3,yes,no,no,no,yes,2,yes,furnished,13300000
766,3420,4,2,2,yes,no,no,no,no,0,no,semi-furnished,4767000
783,4510,4,2,2,yes,no,yes,no,no,0,no,semi-furnished,4613000
465,3800,2,1,1,yes,no,no,no,no,0,no,unfurnished,3045000
802,8250,3,1,1,yes,no,no,no,no,0,no,furnished,4480000
21,7155,3,2,1,yes,yes,yes,no,yes,2,no,unfurnished,8680000
44,6000,4,2,4,yes,no,no,no,yes,1,no,furnished,7560000
146,10500,2,1,1,yes,no,no,no,no,1,no,semi-furnished,5600000
1057,3000,2,1,2,yes,no,no,no,no,0,no,furnished,2520000
809,4900,2,1,2,yes,no,yes,no,no,0,no,semi-furnished,4410000
210,4646,3,1,2,yes,yes,yes,no,no,2,no,semi-furnished,4900000
240,3840,3,1,2,yes,no,no,no,no,1,yes,semi-furnished,4585000
1037,2650,3,1,2,yes,no,yes,no,no,1,no,unfurnished,2800000
648,6350,3,2,3,yes,yes,no,no,yes,0,no,furnished,6195000
61,8880,2,1,1,yes,no,no,no,yes,1,no,semi-furnished,7070000
474,4352,4,1,2,no,no,no,no,no,1,no,unfurnished,2975000
884,3180,4,2,2,yes,no,no,no,no,0,no,furnished,3885000
291,2953,3,1,2,yes,no,yes,no,yes,0,no,unfurnished,4200000
337,2145,4,2,1,yes,no,yes,no,no,0,yes,unfurnished,3920000
874,3960,3,1,2,yes,no,no,no,no,0,no,furnished,3990000
507,3600,2,1,1,yes,no,no,no,no,0,no,unfurnished,2590000
85,8250,3,2,3,yes,no,no,no,yes,0,no,furnished,6510000
606,8880,2,1,1,yes,no,no,no,yes,1,no,semi-furnished,7070000
494,6800,2,1,1,yes,no,no,no,no,0,no,unfurnished,2730000
885,5300,5,2,2,yes,no,no,no,no,0,no,semi-furnished,3850000
366,3630,2,1,1,yes,no,yes,no,no,0,no,furnished,3675000
746,4095,3,1,2,no,yes,yes,no,yes,0,no,semi-furnished,4900000
1088,2910,3,1,1,no,no,no,no,no,0,no,furnished,1750000
439,3930,2,1,1,no,no,no,no,no,0,no,unfurnished,3255000
721,8520,3,1,1,yes,no,no,no,yes,2,no,furnished,5250000
53,5150,3,2,4,yes,no,no,no,yes,2,no,semi-furnished,7350000
996,6750,2,1,1,yes,no,no,no,no,0,no,semi-furnished,3150000
803,4040,3,1,2,yes,no,no,no,no,1,no,semi-furnished,4480000
18,4600,3,2,2,yes,yes,no,no,yes,2,no,furnished,8890000
364,3120,3,1,2,no,no,yes,yes,no,0,no,semi-furnished,3703000
938,7424,3,1,1,no,no,no,no,no,0,no,unfurnished,3500000
52,6000,4,2,4,yes,yes,no,no,yes,1,no,furnished,7350000
199,4200,3,1,2,yes,no,no,no,no,1,no,furnished,4907000
1002,3000,3,1,1,no,no,no,no,yes,0,no,unfurnished,3115000
286,2787,3,1,1,yes,no,yes,no,no,0,yes,furnished,4235000
48,4300,3,2,2,yes,no,yes,no,no,1,no,unfurnished,7455000
54,6000,3,2,2,yes,yes,no,no,yes,1,no,semi-furnished,7350000
773,3630,3,1,2,yes,no,no,no,no,2,no,semi-furnished,4690000
177,6050,3,1,1,yes,no,yes,no,no,0,yes,semi-furnished,5243000
207,3000,3,1,2,yes,no,yes,no,yes,0,no,semi-furnished,4900000
157,2817,4,2,2,no,yes,yes,no,no,1,no,furnished,5495000
359,3600,3,1,1,yes,no,no,no,no,1,no,unfurnished,3710000
612,7700,3,2,1,yes,no,no,no,no,2,no,unfurnished,6895000
1070,3640,2,1,1,yes,no,no,no,no,0,no,unfurnished,2345000
821,4400,2,1,1,yes,no,no,no,no,1,no,semi-furnished,4305000
815,4500,3,2,3,yes,no,no,yes,no,1,no,furnished,4340000
332,5500,4,1,2,yes,yes,yes,no,no,0,no,semi-furnished,3920000
995,3450,3,1,2,yes,no,yes,no,no,0,no,semi-furnished,3150000
329,3960,3,1,2,yes,no,no,no,no,0,no,furnished,3990000
866,3630,3,2,2,yes,no,no,yes,no,2,no,semi-furnished,4025000
516,3240,2,1,1,no,yes,no,no,no,1,no,unfurnished,2450000
147,5500,3,2,2,yes,no,no,no,no,1,no,semi-furnished,5600000
172,8400,3,1,2,yes,yes,yes,no,yes,2,yes,unfurnished,5250000
484,3040,2,1,1,no,no,no,no,no,0,no,unfurnished,2870000
700,6100,3,2,1,yes,no,yes,no,no,2,yes,furnished,5530000
137,4640,4,1,2,yes,no,no,no,no,1,no,semi-furnished,5740000
246,3520,3,1,1,yes,no,no,no,no,0,yes,semi-furnished,4550000
307,4080,3,1,2,yes,no,no,no,no,2,no,semi-furnished,4165000
66,13200,2,1,1,yes,no,yes,yes,no,1,no,furnished,6930000
795,3510,3,1,3,yes,no,no,no,no,0,no,semi-furnished,4515000
223,6321,3,1,2,yes,no,yes,no,yes,1,no,furnished,4760000
950,3060,3,1,1,yes,no,no,no,no,0,no,unfurnished,3465000
598,5150,3,2,4,yes,no,no,no,yes,2,no,semi-furnished,7350000
582,9000,4,2,4,yes,no,no,no,yes,2,no,furnished,7980000
1,8960,4,4,4,yes,no,no,no,yes,3,no,furnished,12250000
891,2176,2,1,2,yes,yes,no,no,no,0,yes,semi-furnished,3850000
898,2856,3,1,3,yes,no,no,no,no,0,yes,furnished,3780000
377,2850,3,2,2,no,no,yes,no,no,0,yes,unfurnished,3640000
914,3600,2,1,1,yes,no,no,no,no,0,no,furnished,3675000
927,3150,3,1,2,yes,no,yes,no,no,0,no,furnished,3570000
350,3420,2,1,2,yes,no,no,yes,no,1,no,semi-furnished,3780000
320,4320,3,1,2,yes,no,no,no,no,2,yes,furnished,4060000
960,4785,3,1,2,yes,yes,yes,no,yes,1,no,furnished,3395000
847,2145,3,1,3,yes,no,no,no,no,1,yes,unfurnished,4200000
963,3500,4,1,2,yes,no,no,no,yes,2,no,unfurnished,3360000
611,13200,2,1,1,yes,no,yes,yes,no,1,no,furnished,6930000
876,7260,3,2,1,yes,yes,yes,no,no,3,no,furnished,3920000
524,3264,2,1,1,yes,no,no,no,no,0,no,unfurnished,2380000
940,3600,6,1,2,yes,no,no,no,no,1,no,unfurnished,3500000
278,3400,3,1,2,yes,no,yes,no,no,2,yes,semi-furnished,4277000
1072,1836,2,1,1,no,no,yes,no,no,0,no,semi-furnished,2275000
833,5040,3,1,2,yes,no,yes,no,yes,0,no,unfurnished,4200000
588,6000,4,2,4,yes,no,no,no,no,2,no,semi-furnished,7700000
248,4100,2,2,1,yes,yes,yes,no,no,0,no,semi-furnished,4543000
304,8250,3,1,1,yes,no,yes,no,no,3,no,semi-furnished,4193000
947,5880,2,1,1,yes,no,no,no,no,0,no,unfurnished,3500000
924,3520,3,1,1,yes,no,no,no,no,2,yes,unfurnished,3633000
0,7420,4,2,3,yes,no,no,no,yes,2,yes,furnished,13300000
486,6000,2,1,1,yes,no,no,no,no,0,no,semi-furnished,2870000
919,3520,2,2,1,yes,no,yes,no,no,0,no,semi-furnished,3640000
556,6000,4,3,2,yes,yes,yes,yes,no,2,no,semi-furnished,9681000
988,4320,3,1,1,no,no,no,no,no,1,no,unfurnished,3220000
466,3090,3,1,2,no,no,no,no,no,0,no,semi-furnished,3010000
87,3960,3,1,1,yes,no,yes,no,no,2,no,semi-furnished,6475000
589,6000,4,2,4,yes,no,no,no,yes,1,no,furnished,7560000
15,6000,4,1,2,yes,no,yes,no,no,2,no,semi-furnished,9100000
326,4100,4,1,1,no,no,yes,no,no,0,no,unfurnished,3990000
1018,8050,2,1,1,yes,no,no,no,no,0,no,unfurnished,3003000
879,3290,2,1,1,yes,no,no,yes,no,1,no,furnished,3920000
646,5500,3,1,3,yes,no,no,no,no,1,yes,unfurnished,6230000
11,6000,4,3,2,yes,yes,yes,yes,no,2,no,semi-furnished,9681000
1074,3970,3,1,2,yes,no,yes,no,no,0,no,unfurnished,2275000
635,5000,3,1,2,yes,no,no,no,yes,0,no,semi-furnished,6440000
156,6900,3,1,1,yes,yes,yes,no,no,0,yes,semi-furnished,5523000
851,4840,3,1,2,yes,no,no,no,no,1,no,semi-furnished,4165000
324,4500,3,1,2,no,no,yes,no,yes,0,no,semi-furnished,4007500
1014,4600,2,1,1,yes,no,no,no,no,0,no,furnished,3010000
184,3000,3,2,2,yes,yes,yes,no,no,0,no,furnished,5110000
192,6600,3,1,1,yes,yes,yes,no,no,0,yes,furnished,5040000
881,8080,3,1,1,yes,no,no,no,yes,2,no,semi-furnished,3920000
385,3640,2,1,1,yes,no,no,no,no,0,no,unfurnished,3570000
279,6360,2,1,1,yes,no,no,no,no,0,no,furnished,4270000
904,3600,3,1,1,yes,no,no,no,no,1,no,unfurnished,3710000
1073,3970,1,1,1,no,no,no,no,no,0,no,unfurnished,2275000
138,5000,3,1,3,yes,no,no,no,yes,0,no,semi-furnished,5740000
1004,3500,2,1,1,yes,no,no,no,no,0,no,unfurnished,3115000
613,6000,3,1,1,yes,no,no,no,yes,1,no,furnished,6860000
585,6550,3,1,2,yes,no,yes,no,yes,0,yes,furnished,7875000
609,11175,3,1,1,yes,no,yes,no,yes,1,yes,furnished,7000000
133,4800,3,1,3,yes,no,no,no,yes,0,no,unfurnished,5810000
657,4300,6,2,2,yes,no,no,no,no,0,no,furnished,6083000
472,3630,4,1,2,yes,no,no,no,no,3,no,semi-furnished,3010000
29,5500,4,2,2,yes,no,yes,no,yes,1,yes,semi-furnished,8400000
880,3816,2,1,1,yes,no,yes,no,yes,2,no,furnished,3920000
868,5400,3,1,1,yes,no,no,no,no,3,no,semi-furnished,4025000
617,5020,3,1,4,yes,no,no,no,yes,0,yes,unfurnished,6720000
858,3680,3,2,2,yes,no,no,no,no,0,no,semi-furnished,4095000
352,5830,2,1,1,yes,no,no,no,no,2,no,unfurnished,3780000
557,6550,4,2,2,yes,no,no,no,yes,1,yes,semi-furnished,9310000
354,8400,2,1,1,yes,no,no,no,no,1,no,furnished,3780000
225,6440,2,1,1,yes,no,no,no,yes,3,no,semi-furnished,4753000
149,6600,4,2,1,yes,no,yes,no,no,0,yes,semi-furnished,5600000
694,6600,4,2,1,yes,no,yes,no,no,0,yes,semi-furnished,5600000
586,6360,3,2,4,yes,no,no,no,yes,0,yes,furnished,7840000
584,6000,4,2,4,yes,no,no,no,yes,1,no,semi-furnished,7910000
1000,5495,3,1,1,yes,no,yes,no,no,0,no,unfurnished,3129000
539,2990,2,1,1,no,no,no,no,no,1,no,unfurnished,1855000
676,5828,4,1,4,yes,yes,no,no,no,0,no,semi-furnished,5810000
47,6600,3,1,4,yes,no,no,no,yes,3,yes,furnished,7490000
36,7482,3,2,3,yes,no,no,yes,no,1,yes,furnished,8043000
578,5960,3,3,2,yes,yes,yes,no,no,1,no,unfurnished,8190000
321,3630,3,2,2,yes,no,no,yes,no,2,no,semi-furnished,4025000
631,6670,3,1,3,yes,no,yes,no,no,0,yes,unfurnished,6510000
543,2910,3,1,1,no,no,no,no,no,0,no,furnished,1750000
